{
  "port": 8360,
  "workers": 0,
  "stickyCluster": false,
  "startServerTimeout": 3000,
  "reloadSignal": "SIGUSR2",
  "processKillTimeout": 10000,
  "jsonpCallbackField": "callback",
  "jsonContentType": "application/json",
  "jsonpContentType": "application/javascript",
  "errnoField": "errno",
  "errmsgField": "errmsg",
  "defaultErrno": 1000,
  "validateDefaultErrno": 1001,
  "staticHostUrl": "https://static.no-forget.com",
  "cache": {
    "type": "file",
    "file": {
      "timeout": 86400000,
      "cachePath": "/data/www/endurance/runtime/cache",
      "pathDepth": 1,
      "gcInterval": 86400000
    }
  },
  "model": {
    "type": "mysql",
    "mysql": {
      "logConnect": false,
      "logSql": false,
      "database": "",
      "prefix": "think_",
      "encoding": "utf8",
      "host": "127.0.0.1",
      "port": "",
      "user": "root",
      "password": "root",
      "dateStrings": true
    }
  },
  "session": {
    "type": "file",
    "file": {
      "cookie": {
        "name": "thinkjs"
      },
      "sessionPath": "/data/www/endurance/runtime/session"
    }
  },
  "view": {
    "type": "pug",
    "pug": {
      "viewPath": "/data/www/endurance/app/view",
      "extname": ".pug",
      "sep": "_"
    }
  },
  "logger": {
    "type": "dateFile",
    "console": {},
    "file": {
      "backups": 10,
      "absolute": true,
      "maxLogSize": 51200,
      "filename": "/data/www/endurance/logs/app.log"
    },
    "dateFile": {
      "level": "ALL",
      "absolute": true,
      "pattern": "-yyyy-MM-dd",
      "alwaysIncludePattern": true,
      "filename": "/data/www/endurance/logs/app.log"
    }
  }
}